シーン名,話者ID,会話ID,日本語１,日本語２,日本語３,日本語４,日本語５,中学生英語１,中学生英語２,中学生英語３,中学生英語４,中学生英語５,ネイティブ英語１,ネイティブ英語２,ネイティブ英語３,ネイティブ英語４,ネイティブ英語５
朝の挨拶,A,1,おはよう、昨日はよく眠れた？,おはよう！ちゃんと眠れた？,おはよー、ぐっすりだった？,おはようございます。昨夜はよく休めましたか？,よっ、寝不足じゃない？,Good morning. Did you sleep well?,Morning! Slept OK?,"Hi, good morning. Sleep good?",Good morning. Were you able to rest?,"Morning, did you get good sleep?",Morning! Sleep alright?,"Hey, good morning. Get enough rest?",Morning! How’d you sleep?,Good morning. Sleep okay last night?,Morning! Rest well?
朝の挨拶,B,2,うん、ぐっすりだったよ。君は？,うん、バッチリ！そっちは？,うん、よく眠れた！あなたは？,はい、おかげさまで。あなたは？,ばっちり！そっちはどう？,"Yes, very well. And you?","Yeah, I slept fine. You?",I slept great. How about you?,"Yes, I was. What about you?","Yes, I did. And you?",Slept like a log. You?,Totally. How about yourself?,Pretty great. You?,"Yeah, out like a light. What about you?",Sure did. You?
朝の挨拶,A,3,まあまあかな。今日の１時間目は数学だよね。,まあまあ。最初の授業、数学だよね？,ちょっと微妙。１時間目は数学だっけ？,まあ普通です。１時間目は数学ですよね。,いまいち。最初、数学じゃん？,"Not bad. First class is math, right?",So-so. Math is first period today.,Just okay. We have math first.,Average. Math class comes first.,So-so. Math starts the day.,"Meh, could’ve been better. We’ve got math first, yeah?",Not really. Math kicks off the day.,"Eh, so-so. First up is math, right?",Kind of restless. Math’s first period.,Could’ve slept more. Math’s up first.
朝の挨拶,B,4,そうだね。宿題やった？,そうそう。宿題終わった？,うん。それより宿題やった？,ええ。宿題は終わりましたか？,だね。宿題やった？,Yes. Did you finish the homework?,That’s right. Did you do the math work?,True. Homework done?,Yes. Did you finish the task?,Right. Homework ready?,Yep. You knock out the homework?,Right. Homework finished?,Yep. Did the assignment?,True. Homework all done?,Yep. Homework sorted?
朝の挨拶,A,5,もちろん。ちょっと難しかったけど。,当たり前！少し手こずったけどね。,やったよ。結構難しかった！,ええ、終えました。少し難解でしたが。,ばっちり。でも難しかったわ。,I did. It was a little hard.,Yes. It took time.,"Yep, though it was tricky.",Sure. Kinda tough.,"Done, but hard.",Sure did—kind of a brain-teaser.,"Finished, but it was rough.",Yep. Took forever though.,It’s done; tricky stuff.,"Yup, though it stumped me."
朝の挨拶,B,6,後で答え合わせしよう。,あとで一緒に確認しよう。,後でチェックし合おうよ。,後ほど答えを合わせましょう。,あとで見比べよう。,Let’s check it later.,We can compare answers later.,Let’s look at it together.,We’ll check later.,We’ll review after class.,Let’s compare notes later.,We’ll swap answers later.,We can go over it later.,Let’s check answers later on.,We’ll trade answers later.
バス停で時刻確認,A,1,次のバスは何時に来る？,次のバス、何時？,バスって次何時だっけ？,次のバスは何時に到着しますか？,バスの時間分かる？,When is the next bus?,What time’s the next bus?,"The next bus, please?",Do you know the bus time?,When does the bus arrive?,Any idea when the next bus shows?,What’s the ETA on the bus?,Next bus?,Do you know when the bus gets here?,Bus timetable say anything?
バス停で時刻確認,B,2,8時15分みたいだよ。,8時15分だよ。,たぶん8:15。,8時15分のようです。,8:15かな。,It comes at 8:15.,About 8:15.,"8:15, I think.",Next one is 8:15.,At 8:15.,Says 8:15 on the board.,About 8:15.,Quarter past eight.,"Eight-fifteen, give or take.","Yeah, 8:15."
バス停で時刻確認,A,3,間に合いそうでよかった。,間に合いそう！,間に合いそうで安心。,間に合いそうで良かったです。,間に合うね。,"Good, we can make it.","Nice, we’re on time.","Great, we’re safe.",Perfect.,Good news.,"Sweet, we’ll make it.",Perfect timing.,Nice.,"Good, we’re fine.",Great.
バス停で時刻確認,B,4,でも少し遅れるかもね。,でもちょっと遅れそう。,でも遅れるかもしれないね。,しかし少し遅れる可能性があります。,でも遅れるかも。,It may be a bit late.,It might be slow.,Maybe some delay.,Could be late.,It might run late.,Might run a bit behind though.,Could be a delay.,Might slip a few minutes.,Unless it’s late again.,Might lag.
バス停で時刻確認,A,5,そうしたらタクシー考えよう。,遅れたらタクシーにしよう。,じゃあタクシーで行こっか。,遅れたらタクシーを検討しましょう。,遅れたらタクシーね。,Then we can take a taxi.,Taxi if needed.,We can call a cab.,Taxi is plan B.,Then taxi.,"If so, we’ll grab a cab.",Taxi’s our backup.,Cab if it does.,Then we hop in a taxi.,Taxi backup.
バス停で時刻確認,B,6,了解、様子見よう。,OK、様子みよう。,わかった、様子見よう。,承知しました。様子を見ましょう。,りょーかい、様子見るね。,"Okay, let’s wait first.","Sure, we’ll see.",Let’s watch the clock.,Sounds good.,Let’s decide soon.,"Cool, we’ll play it by ear.",Works for me.,Let’s watch.,Sounds like a plan.,Got it.
図書館で本を探す,A,1,この本棚に歴史の本ある？,この棚に歴史本ある？,ここに歴史の本ってある？,こちらの棚に歴史書はありますか？,歴史の本ここ？,Are history books on this shelf?,Is this the history section?,Where are history books?,History books here?,Can I find history here?,Any history books on this shelf?,Where’d they stash the history stuff?,Got history books here?,Any idea where the history section is?,History titles around?
図書館で本を探す,B,2,上の段にあると思うよ。,上の段かな。,たぶん上段。,上の段にあると思います。,上にあるよ。,I think on the top row.,"Yes, top shelf.",Top level here.,Up there.,Top shelf should have it.,"Yeah, top row.",Up on the highest shelf.,Top tier.,"Right here, top shelf.",Top shelf over there.
図書館で本を探す,A,3,「日本の戦国時代」を探してるんだ。,『日本の戦国時代』探してるんだけど。,『戦国時代の日本』を探してる。,「日本の戦国時代」という本を探しています。,“戦国時代”の本探してる。,I look for “Sengoku Period of Japan.”,I need “Japan’s Warring States.”,I want “Japanese Sengoku Age.”,Looking for “Sengoku Japan.”,Book name is “Sengoku Period.”,I’m hunting “Japan’s Sengoku Era.”,Need the title “The Warring States of Japan.”,Looking for “Sengoku Japan.”,I’m after a book on the Sengoku period.,Need “Japan’s Warring States.”
図書館で本を探す,B,4,それなら番号は210.4だよ。,じゃあ210.4番だよ。,番号は210.4かな。,それなら分類番号は210.4です。,210.4だよ。,The number is 210.4.,Call number 210.4.,Try 210.4.,Number 210.4.,Code 210.4.,Call number’s 210.4.,That’s 210.4.,Number 210.4.,Try 210.4.,Call no. 210.4.
図書館で本を探す,A,5,ありがとう、すぐ見てみる。,ありがとう、探してみるね。,サンキュー、今見る。,ありがとうございます。すぐ確認します。,ありがと、今見るわ。,"Thanks, I’ll check.","OK, I’ll search.",Thanks a lot.,Got it.,I’ll look now.,"Cheers, I’ll grab it.","Thanks, I’ll take a look.",Perfect.,"Great, thanks.","Got it, thanks."
図書館で本を探す,B,6,見つからなかったら職員に聞こう。,なかったらスタッフに聞こう。,もし無かったら司書さんに聞こうね。,見つからなければ職員に相談しましょう。,なければ職員に聞こうね。,Ask staff if not there.,We can ask later.,Ask a librarian if missing.,Staff can help too.,Let’s ask if needed.,"If it’s gone, we’ll ask the librarian.",We can flag a staffer if it’s missing.,Ask the desk if you strike out.,Librarian can help if not there.,Let’s ask if it’s checked out.
カフェで注文,A,1,カフェラテのトールサイズください。,トールのカフェラテください。,トールサイズラテをお願いします。,カフェラテ（トール）をください。,トールラテ一つ。,"A tall café latte, please.",I’d like a tall latte.,"Tall café latte, please.",Can I get a tall latte?,"Tall latte, please.",Could I get a tall latte?,I’ll have a tall café latte.,"One tall latte, please.","Hi, tall latte for me.",Can I grab a tall latte?
カフェで注文,B,2,砂糖は入れますか？,お砂糖入れますか？,砂糖入れます？,砂糖はお入れしますか？,砂糖どうします？,Any sugar?,Sugar?,Do you need sugar?,With sugar?,Sugar added?,Want sugar with that?,Sugar?,Need any sugar packs?,Sweetener?,With sugar?
カフェで注文,A,3,いいえ、ミルクだけで。,砂糖なしでミルクだけ。,砂糖はいりません、ミルクだけ。,いいえ、ミルクだけお願いします。,砂糖なしで。,"No, only milk.","No, just milk.","Just milk, thanks.",No sugar. Milk only.,"No, milk only.","Nah, just milk.","I’m good, thanks—just milk.","No thanks, milk’s fine.",None—just milk.,"Just milk, no sugar."
カフェで注文,B,4,他にご注文は？,他にいかがですか？,ほかは？,他にご要望ありますか？,追加あります？,Anything else?,Something more?,Anything else?,More orders?,Anything more?,Anything else for you?,Something to eat?,Anything else?,Want a snack?,Anything else today?
カフェで注文,A,5,チョコマフィンを一つ。,チョコのマフィンください。,チョコマフィン一個。,チョコマフィンを一つお願いします。,チョコマフィンで。,One chocolate muffin.,A choco muffin.,One chocolate muffin.,"Chocolate muffin, please.",One choco muffin.,"Yeah, a chocolate muffin.","A choc muffin, please.",A chocolate muffin.,"Chocolate muffin, thanks.",One chocolate muffin.
カフェで注文,B,6,かしこまりました。,承知しました。,了解です。,かしこまりました。少々お待ちください。,了解～。,Certainly.,Sure.,Okay.,Got it.,Alright.,You got it.,Coming right up.,Sure thing.,Absolutely.,Of course.
雨で傘を借りる,A,1,雨強いね。傘持ってる？,雨ひどい！傘ある？,雨すごいね、傘ある？,雨が激しいですね。傘をお持ちですか？,雨やばい、傘ある？,"Heavy rain, huh. Do you have an umbrella?",It’s raining hard. Umbrella?,Big rain today. Do you carry another umbrella?,Rain is strong. Need umbrella.,"Wow, heavy rain. Have spare umbrella?",It’s pouring! Got a spare umbrella?,"Man, the rain’s brutal. Do you have another umbrella?","Crazy rain, huh? Spare umbrella?",It’s coming down hard. Any chance you’ve got an extra umbrella?,This rain is insane. Can I borrow a spare umbrella?
雨で傘を借りる,B,2,一本余ってるよ。使う？,もう一本あるよ。使う？,予備あるよ、いる？,一本余っていますが使いますか？,余ってるけど？,I have one extra. Want it?,I got spare.,"Yes, you can use it.",I have extra.,"Yes, here.","Yeah, I’ve got an extra. Need it?",I do. Want to borrow it?,I’ve got one you can borrow.,"Actually, yes. Here you go.","Sure thing, I’ve got one."
雨で傘を借りる,A,3,助かる！返すのは明日でいい？,助かった！明日返していい？,ありがたい！明日返してもいい？,助かります。明日返却でよろしいですか？,助かる！明日で返却いい？,Thanks! Can I return it tomorrow?,May I borrow? Give back tomorrow?,I’ll return it tomorrow.,Tomorrow I give back.,"I return tomorrow, okay?",That’d be awesome. I’ll give it back tomorrow.,"Yes, thanks! I’ll return it tomorrow.",Lifesaver. Back to you tomorrow.,Thanks. I’ll get it back to you tomorrow.,"I’ll return it tomorrow, promise."
雨で傘を借りる,B,4,いいよ、気をつけてね。,いいよ。気をつけて！,いいよ、気をつけて。,ええ、どうぞお気をつけて。,いいよ、安全にね。,"Sure, be careful.","Okay, take care.",Fine. Stay dry.,That’s fine. Stay dry.,"Okay, be safe.",No worries—stay dry.,Sounds good.,"Cool, take care.","That’s fine, stay safe.",All good.
雨で傘を借りる,A,5,本当にありがとう。,ほんとに感謝！,助かった、ありがとう！,本当にありがとうございます。,マジありがとう。,Thanks a lot.,Thank you.,Thanks!,Thanks!,Really thanks.,"Seriously, thanks.",Really appreciate it.,Thanks a ton.,Much appreciated.,Thanks so much.
雨で傘を借りる,B,6,どういたしまして。,いやいや、どういたしまして。,いえいえ。,いいえ、どういたしまして。,どうぞどうぞ。,You’re welcome.,No problem.,Anytime.,Welcome.,Sure.,Anytime.,Don’t mention it.,You bet.,Happy to help.,My pleasure.
友達を映画に誘う,A,1,今週末映画観に行かない？,週末映画行かない？,週末さ、映画どう？,今週末映画を観に行きませんか？,週末、映画行こうよ。,Want to see a movie this weekend?,Let’s go to a movie on weekend.,Movie this weekend?,Do you want to watch a film on Saturday?,How about a movie this weekend?,Wanna catch a movie this weekend?,Feel like hitting the movies Saturday?,Up for a movie this weekend?,How about we see a movie Saturday?,Interested in a movie this weekend?
友達を映画に誘う,B,2,いいね、何観るの？,いいよ、何見る？,いいね、何観る？,いいですね。何を観ますか？,いいよ、何見る？,Sounds good. Which one?,Nice. What movie?,Sure. Which?,Good idea. What film?,Okay. What will we watch?,Sure! What’re we seeing?,I’m in. Which film?,Absolutely. What’s playing?,Great idea—what movie?,Yeah! Which one were you thinking?
友達を映画に誘う,A,3,新しいアニメ映画だよ。,新作アニメだよ。,最新のアニメ映画！,新しいアニメ映画です。,新しいアニメ！,The new anime film.,New animation.,Latest anime.,New anime one.,A new anime movie.,That new anime flick.,The latest anime release.,Brand-new anime one.,The new anime everyone’s talking about.,That new anime.
友達を映画に誘う,B,4,土曜の午後なら空いてるよ。,土曜午後なら行ける。,土曜午後ヒマ！,土曜の午後は空いています。,土曜午後空き！,I’m free Saturday afternoon.,Saturday PM is OK.,Free on Saturday afternoon.,Afternoon is fine.,I’m open on Saturday afternoon.,I’m free Saturday afternoon.,Afternoon works.,Saturday after lunch is open.,Afternoon suits me.,I’m good Saturday noon onward.
友達を映画に誘う,A,5,じゃあ３時の回でどう？,じゃあ15時の回は？,じゃあ3時上映どう？,では15時の回はいかがですか？,3時の回ね？,How about the 3 p.m. show?,3 o’clock?,3 p.m. show good?,Let’s pick 3 p.m.,3 o’clock session?,Cool—3 p.m. showing?,Let’s do the 3 o’clock.,3 p.m. ticket then.,Let’s grab the three-o’clock show.,3 p.m. showing?
友達を映画に誘う,B,6,決まり！楽しみだね。,決まり！楽しみ！,OK！楽しみ！,決定です！楽しみですね。,了解！楽しみー。,"Great, can’t wait.",Sure!,"Yes, excited.",Okay!,Deal.,"Perfect, looking forward to it.",Sounds like a plan.,Can’t wait.,Done!,Works for me!
宿題を忘れた,A,1,あれ、宿題持ってきた？,宿題持ってきた？,宿題ある？,宿題を持ってきましたか？,宿題持ってる？,Did you bring your homework?,Homework with you?,Got your assignment?,Bring the homework?,Homework here?,"Hey, you got your homework?",Homework on you?,Did you bring the assignment?,Got the homework with you?,Assignment in your bag?
宿題を忘れた,B,2,しまった、家に置いてきた！,やばい、家に置いてきた！,家に忘れた！,しまった、家に忘れてきました！,うわ、家に置いてきた。,"Oh no, I left it at home!",I forgot it!,Left it home.,"No, I forgot.","Not here, sorry.","Crap, I left it at home!",Nope—forgot it.,I totally spaced and left it.,Forgot it on my desk at home.,Afraid not.
宿題を忘れた,A,3,先生厳しいよ、大丈夫？,先生厳しいけど大丈夫？,先生怖いけど平気？,先生は厳しいですが大丈夫ですか？,先生厳しいけど？,The teacher is strict. Are you okay?,Teacher may be angry.,Tough teacher today.,That’s bad.,Teacher’s strict.,"Uh-oh, our teacher’s tough.","That’s rough, he’s strict.",The teacher’s not gonna like that.,Yikes.,Teacher’s gonna flip.
宿題を忘れた,B,4,放課後に提出していいか聞いてみる。,放課後に出していいか聞く。,放課後提出できないか聞いてみる。,放課後提出してもよいか聞いてみます。,放課後提出お願いしよ。,I’ll ask if I can hand it in after school.,I will ask to submit later.,I’ll try after-school submit.,I will talk to teacher.,I’ll hand in later.,I’ll ask if I can turn it in after school.,I’ll try to hand it in later.,I’ll see if late submission’s okay.,I’ll beg for after-school submission.,I’ll talk to her later.
宿題を忘れた,A,5,手伝えることある？,何か手伝おうか？,助けようか？,私にできることはありますか？,手伝おうか？,Need any help?,Can I help?,Want help?,Anything I can do?,Help needed?,Want me to help?,Need anything?,Can I help somehow?,Want backup?,Anything I can do?
宿題を忘れた,B,6,コピーだけ借りてもいい？,コピーさせてもらえる？,答案見せてくれる？,コピーを取らせてもらっていいですか？,写させてもらっても？,Can I borrow a copy?,Let me see your copy?,Need to check answers.,Show me your sheet?,"Copy, please.",Mind if I peek at yours to make a copy?,Could I borrow yours to photocopy?,Just need to scan your answers.,Let me copy yours real quick?,Can I snap pics of your work?
道を尋ねる,A,1,すみません、駅はどちらですか？,駅までどう行きますか？,駅ってどこですか？,すみません、駅はどちらでしょうか？,駅はどこ？,"Excuse me, where is the station?","Sorry, station?",How can I get to the station?,"Where’s the station, please?","Excuse me, station direction?","Excuse me, how do I get to the station?",Could you point me to the station?,"Sorry, where’s the train station?","Hi, I’m looking for the station.",Station’s this way?
道を尋ねる,B,2,この道をまっすぐ行って二つ目の信号を左です。,まっすぐ行って2つ目の信号左です。,まっすぐ行って二番目の信号を左。,この道を直進し、二つ目の信号を左折です。,まっすぐで二つ目左。,Go straight and turn left at the second light.,"Straight, then left at 2nd signal.","Walk straight, turn left at the second traffic light.","Straight ahead, left at second light.","Go straight, second light, turn left.",Head straight down this road and take a left at the second light.,"Go straight, hang a left at the second traffic light.","Straight ahead, left at the second light.","Keep going straight, take the second left at the lights.","Straight down, left at light number two."
道を尋ねる,A,3,徒歩で10分くらい？,歩いて10分？,10分くらいで着く？,徒歩で10分ほどですか？,10分くらい？,About ten minutes on foot?,Ten-minute walk?,Takes ten minutes?,Ten minutes walking?,About 10 min?,Roughly a ten-minute walk?,About ten minutes?,Ten minutes on foot?,Is it a ten-minute walk?,About ten minutes?
道を尋ねる,B,4,はい、それくらいです。,うん、それくらい。,はい、それぐらい。,はい、その程度です。,うん、同じくらい。,"Yes, around that.",Yes.,About that.,"Yes, roughly.","Yes, around that.","Yep, give or take.",More or less.,Around that.,Approximately.,Close enough.
道を尋ねる,A,5,ありがとうございます。,助かります、ありがとう。,ありがとう！,ありがとうございます。,感謝！,Thank you.,Thanks.,Thanks a lot.,Thank you very much.,Thanks!,Thanks so much.,Appreciate it.,Thanks.,"Great, thanks!",Thanks a ton.
道を尋ねる,B,6,どういたしまして。,いいえ、どういたしまして。,どうも。,いえいえ。,どういたしまして～。,You’re welcome.,No problem.,Anytime.,You’re welcome.,Sure.,No worries.,Happy to help.,Anytime.,You bet.,Sure thing.
写真を撮ってもらう,A,1,すみません、写真を撮っていただけますか？,すみません、写真お願いできます？,写真撮ってもらえますか？,恐れ入りますが、写真を撮っていただけますか？,写真いいですか？,"Excuse me, could you take a picture for us?","Sorry, can you take a photo?",Could you take our picture?,Would you mind taking a photo?,Please take our picture.,"Hi, could you snap a photo for us?",Mind taking a picture of us?,Would you snap a quick photo?,"Excuse me, can you take our picture?",Could you help us with a photo?
写真を撮ってもらう,B,2,もちろんです。カメラはどこを押せばいいですか？,いいですよ。どのボタン？,はい、どこ押せばいい？,承知しました。どのボタンを押せばよろしいですか？,OK、どこ？,Sure. Which button?,Yes. Where do I press?,Of course. Which button?,No problem. Button?,Alright. Which button?,Sure thing—what button do I hit?,Not at all. Which shutter?,Of course. Where do I press?,Sure! Which button do I push?,Happy to. Button?
写真を撮ってもらう,A,3,このボタンです。背景にタワーが入るようにお願いします。,このボタンで。タワー入れてください。,ここです。タワー映るように。,こちらです。後ろのタワーが入るようお願いします。,これです。タワー入れてね。,This one. Please get the tower behind us.,Here. Please include the tower.,"The big one here. Tower in background, please.",This. Please show the tower.,This one. Tower behind us.,This one here. Could you get the tower in the background?,The big button. Please include the tower.,Right here. Make sure the tower’s in frame.,This one. Please get the tower behind.,"This. Tower in the back, please."
写真を撮ってもらう,B,4,わかりました。はい、チーズ！,了解！はいチーズ！,OK！チーズ！,承知しました。では、チーズ！,OK、チーズ！,Okay. Say cheese!,Got it. Cheese!,Sure. Cheese!,Okay. Cheese!,Alright. Cheese!,"Absolutely. Okay, say cheese!",Got it. Cheese!,You bet. Say cheese!,No problem. Cheese!,Okay. Cheese!
写真を撮ってもらう,A,5,ありがとうございます。ちゃんと撮れましたか？,ありがとう！ちゃんと撮れた？,ありがとう、撮れてる？,ありがとうございます。しっかり写っていますか？,サンキュー！撮れた？,Thank you. Is it good?,Thanks. Looks fine?,Thank you very much. Good?,Thanks a lot. Is it okay?,Thank you. Nice shot?,Thanks! Did it turn out?,Appreciate it. All good?,Thanks a ton. How’s it look?,Thanks. Good shot?,Thank you! Turned out alright?
写真を撮ってもらう,B,6,ばっちりですよ。,バッチリ！,完璧です！,ばっちり撮れていますよ。,いい感じ！,It’s great.,Perfect.,Very good.,Looks great.,"Yes, nice.",Looks awesome.,Perfect shot.,Crystal clear.,"Yep, looks great.",Fantastic.
病院で予約,A,1,来週の午前で予約できますか？,来週の午前予約取れます？,来週午前、予約いけます？,来週の午前中に予約を取れますか？,来週の午前空いてますか？,Can I make an appointment next week in the morning?,I need a morning slot next week.,Any morning time next week?,Can I see the doctor next week morning?,"Morning appointment next week, please.",Could I book a morning appointment for next week?,I need a morning slot next week. Anything open?,Any availability next week in the morning?,I’d like to set up a morning appointment for next week.,"Could you fit me in next week, preferably morning?"
病院で予約,B,2,火曜の10時なら空いています。,火曜10時空いてます。,火曜10時ならいけます。,火曜日の10時なら空いております。,火曜10時なら空き。,Tuesday at 10 a.m. is open.,10 a.m. Tuesday is free.,Tuesday 10 works.,We have 10 a.m. Tuesday.,Tuesday at ten is available.,We’ve got Tuesday at 10 a.m. open.,How’s Tuesday at ten?,"Tuesday, 10 a.m. is free.",The doctor’s free Tuesday at ten.,"We can do Tuesday, 10 a.m."
病院で予約,A,3,その時間でお願いします。,その時間で。,じゃあそれで。,その時間でお願いします。,それでお願いします。,I’ll take it.,"Okay, book it.",Please reserve.,That is fine.,I’ll take that.,"Perfect, I’ll take it.",Works for me.,Let’s book that.,"Great, sign me up.",That’s perfect.
病院で予約,B,4,保険証をお持ちですか？,保険証ありますか？,保険証は？,保険証をお持ちでしょうか？,保険証あります？,Do you have your insurance card?,"Insurance card, please?",Do you have insurance?,Insurance card?,Do you carry your insurance card?,Do you have your insurance card with you?,Can I see your insurance card?,Do you have your insurance card handy?,May I have your insurance card?,"Insurance card, please?"
病院で予約,A,5,はい、こちらです。,はい、あります。,はい、これです。,はい、こちらになります。,はい、どうぞ。,"Yes, here.",Here you are.,Yes.,I have it.,"Yes, here.","Yes, right here.","Sure, here you go.",I do.,Here it is.,"Yes, here."
病院で予約,B,6,では予約を確定しました。,予約を取りました。,予約完了です。,ではご予約を確定いたしました。,予約確定しました。,Your appointment is set.,Appointment made.,Confirmed.,Done.,Appointment fixed.,"Great, you’re all set.",Appointment confirmed.,You’re scheduled.,You’re booked.,All scheduled.
スーパーで値段確認,A,1,すみません、このりんごはいくらですか？,すみません、このリンゴいくら？,このりんごの値段は？,失礼します、このりんごはいくらですか？,りんごいくら？,"Excuse me, how much is this apple?",How much for this apple?,"Price of this apple, please?",This apple—how much?,"Excuse me, apple cost?","Hi, what’s the price on these apples?",How much are these apples?,Price check on this apple?,What do these apples run?,Could you tell me the price of this apple?
スーパーで値段確認,B,2,１個120円になります。,1個120円です。,120円です。,1個120円でございます。,120円だよ。,It’s 120 yen each.,120 yen.,120 yen each.,120 yen.,120 yen per one.,They’re 120 yen each.,A buck-twenty each.,120 yen apiece.,120 yen each.,120 yen.
スーパーで値段確認,A,3,３つお願いします。,3つください。,3個ください。,3つお願いします。,3個ね。,I’ll take three.,Give me three.,I want three.,"Three, please.",I’ll buy three.,"I’ll grab three, thanks.",I’ll take three.,Make it three.,I’ll take three of them.,I’ll have three.
スーパーで値段確認,B,4,かしこまりました。,承知しました。,了解です。,かしこまりました。,了解～。,Sure.,Okay.,Alright.,Certainly.,Got it.,Sure thing.,No problem.,You got it.,Alright.,Certainly.
スーパーで値段確認,A,5,他におすすめはありますか？,他にオススメある？,ほかに安いのある？,他におすすめの商品はありますか？,他に何かいいのある？,Any other good fruit?,Other recommendation?,Anything else good?,Any cheap items?,Another suggestion?,Anything else worth picking up?,Any other deals?,What else is good?,Anything else worth grabbing?,Any other bargains?
スーパーで値段確認,B,6,今日のバナナも安いですよ。,バナナが安いですよ。,今日はバナナが安いです。,本日はバナナもお安くなっています。,バナナ安いよ。,Bananas are cheap today.,Bananas cost less now.,Bananas are on sale.,Bananas today.,Try bananas.,Bananas are a steal today.,Bananas are marked down.,Bananas are cheap right now.,Bananas are on special.,"Bananas, for sure."
充電器を借りる,A,1,ごめん、電池が１％しかない！充電器貸してくれる？,バッテリー1％！充電器貸して？,電池ヤバい！充電器ある？,申し訳ないですが、充電器をお借りできますか？,充電器貸して～。,My battery is 1%. Can I borrow your charger?,"Battery almost dead. Charger, please?",Can I use your phone charger?,Only 1% left! Charger?,Phone dying. May I borrow charger?,I’m down to one percent—can I snag your charger?,Phone’s about to die. Mind if I borrow your cable?,Got a spare charger? I’m on 1%.,My battery’s tanking. Can I use your charger?,Charger emergency—only 1%!
充電器を借りる,B,2,いいよ、これ使って。,どうぞ、これ。,これ使っていいよ。,ええ、こちらをどうぞ。,はい、どうぞ。,"Sure, use this.",Here you go.,Of course.,Take mine.,"Yes, here.","Yeah, here you go.",Not at all.,"Sure, use mine.",Absolutely.,"Here, plug in."
充電器を借りる,A,3,助かった、30分だけ借りるね。,助かる！30分で返すね。,30分だけ借りる！,助かります、30分だけお借りします。,30分で返す！,"Thanks, only 30 minutes.",I’ll use it for half an hour.,I need just 30 minutes.,"30 minutes, okay?",30-minute borrow.,Lifesaver. I’ll give it back in half an hour.,I’ll plug in for thirty minutes.,I’ll return it soon.,Just half an hour.,I’ll be quick.
充電器を借りる,B,4,了解。,OK。,わかった。,了解しました。,りょ！,Okay.,No problem.,That’s fine.,Sure.,Fine.,Cool.,Sounds good.,All good.,That’s fine.,Take your time.
充電器を借りる,A,5,本当にありがとう。,ありがとう！,マジ感謝！,本当にありがとうございます。,感謝！,Really thank you.,Thanks a lot.,Thank you!,Thanks!,Thanks.,Thanks a ton.,Really appreciate it.,Thanks!,Thanks heaps.,Thank you.
充電器を借りる,B,6,どういたしまして。,いえいえ。,いつでも！,どういたしまして。,いいよ～。,You’re welcome.,Anytime.,No problem.,Welcome.,Welcome.,No worries.,Anytime.,Happy to help.,You bet.,Sure thing.
昼食のメニュー,A,1,今日のお昼、何にする？,今日のランチどうする？,お昼何食べる？,今日の昼食は何にしましょうか？,昼どうする？,What should we eat for lunch?,Lunch menu?,What do you want for lunch?,Choose lunch?,What’s for lunch today?,Any idea for lunch?,What’re we having for lunch?,Lunch plans?,"So, what’s for lunch?",Got lunch thoughts?
昼食のメニュー,B,2,パスタとカレーで迷ってる。,パスタかカレー悩む。,パスタかカレーで迷うな。,パスタとカレーで悩んでいます。,パスタかカレーかな。,I can’t choose pasta or curry.,Pasta or curry?,I’m thinking pasta or curry.,Pasta vs curry.,Can’t decide—pasta or curry.,Torn between pasta and curry.,Either pasta or curry.,I can’t pick: pasta or curry.,Debating pasta versus curry.,"Pasta or curry, can’t decide."
昼食のメニュー,A,3,カレーにしようよ、雨で寒いし。,寒いしカレーにしよう。,雨だしカレーにしよう！,今日は雨で寒いのでカレーにしませんか？,寒いしカレー！,Let’s pick curry; it’s cold.,Cold day—curry better.,How about curry?,Curry because it’s chilly.,Curry warms us up.,Go with curry—it’s freezing out.,Curry sounds cozier.,Let’s warm up with curry.,I vote curry—rainy day comfort.,Curry’s perfect in this weather.
昼食のメニュー,B,4,じゃあカレーに決定。,OKカレーね。,カレー決まり！,ではカレーに決定です。,カレーで決まり。,"Okay, curry it is.","Sure, curry.",Sounds good.,"Curry, then.",Let’s do it.,Works for me.,Curry it is.,Sure thing.,Agreed.,"Alright, curry."
昼食のメニュー,A,5,大盛りにしようかな。,大盛にしよっかな。,大盛にしよ。,大盛りにしようと思います。,大盛にしよっ。,I’ll get a large size.,I want big plate.,"Large, maybe.",Large one.,Big size!,I’m ordering a large.,I might supersize it.,Going large.,Large bowl.,I’ll get the biggest one.
昼食のメニュー,B,6,私も同じく！,私も！,同じく大盛！,私も同じ大盛りで！,私もだよ！,Me too!,Same here.,I’ll copy you.,Same.,Me as well.,Make that two.,Same here.,Ditto.,I’ll join you.,I’m in.
落とし物を渡す,A,1,これ、廊下で財布を拾ったんだけど。,廊下で財布拾ったよ。,財布拾った～。,廊下で財布を拾ったのですが。,財布落ちてた。,I found this wallet in the hall.,Picked up a wallet.,Found a wallet outside.,"Look, a wallet.","Wallet on floor, I got it.",I just found a wallet in the hallway.,Picked up a wallet out there.,Found someone’s wallet.,Look what I found—a wallet.,Wallet on the floor; I picked it up.
落とし物を渡す,B,2,職員室に届けた方がいいね。,職員室に持ってこう。,先生に渡そう。,職員室に届けるべきですね。,職員室だね。,We should take it to the office.,Let’s give it to the teacher room.,Better turn it in.,Take to office.,We must report it.,Let’s hand it in at the staff room.,We should drop it off at the office.,Let’s turn it in.,Better hand it over to the staff.,Office is the place to leave it.
落とし物を渡す,A,3,じゃあ一緒に行ってくれる？,一緒に行こ？,一緒に来てくれる？,では一緒に行っていただけますか？,一緒に来て。,Can you come with me?,Come together?,Walk with me?,Join me?,Come along?,Mind coming with me?,Walk with me?,Can you tag along?,Come with?,Walk over with me?
落とし物を渡す,B,4,もちろん。,いいよ。,もちろん！,もちろんです。,OK！,Sure.,Okay.,No problem.,Yes.,Sure thing.,Of course.,Sure thing.,Absolutely.,Yep.,Sure.
落とし物を渡す,A,5,持ち主見つかるといいね。,持ち主見つかるといいな。,持ち主帰ってくるといいね。,持ち主が見つかるといいですね。,返るといいね。,Hope the owner gets it back.,Owner will be happy.,Hope it returns.,Hope owner is found.,Wish the person luck.,Hope it gets back to the owner.,Hope the owner’s relieved.,Hope they get it back soon.,Fingers crossed for the owner.,Hope it’s reunited quickly.
落とし物を渡す,B,6,うん、早く戻るといい。,うん、早く戻るといいね。,そうだね、早く返せるといい。,ええ、早く戻ると良いですね。,うん、早く戻るといいな。,"Yes, I hope so.",Right.,Same here.,Yes.,Yes.,"Yeah, ASAP.",Me too.,Same here.,Totally.,Yeah.
誕生日を祝う,A,1,誕生日おめでとう！,ハッピーバースデー！,お誕生日おめでとう！,お誕生日おめでとうございます！,誕生日おめ！,Happy birthday!,Birthday greetings!,Congrats on your birthday.,Happy b-day!,"Hey, happy birthday.",Happy birthday!,Birthday cheers to you!,"Hey, happy birthday!","Congrats, birthday kid!","Happy birthday, my friend!"
誕生日を祝う,B,2,ありがとう！覚えててくれたんだ。,ありがとう！覚えてたんだ。,ありがとう！覚えてくれたの？,ありがとうございます！覚えていてくださったんですね。,ありがとう！覚えてた？,Thanks! You remembered.,Thank you!,Thanks a lot.,Thank you!,Thanks!,Thanks—you remembered!,Thank you so much.,"Aw, thanks!",Thanks a ton.,Thank you!
誕生日を祝う,A,3,放課後ケーキ食べに行こうよ。,放課後ケーキ行こう！,ケーキ食べに行こ？,放課後ケーキを食べに行きましょう。,ケーキ行こう。,Let’s eat cake after school.,Cake later?,Cake after class?,Cake shop later?,Let’s get cake after school.,How about some cake after class?,Cake run after school?,Want to grab cake later?,Cake this afternoon?,Let’s celebrate with cake after school.
誕生日を祝う,B,4,いいね、楽しみ！,いいね、楽しみ！,いいね、楽しみ！,いいですね、楽しみです。,いいね、楽しみ～。,Sounds fun.,Yes!,Sure.,Great idea.,Okay!,"Absolutely, can’t wait.",I’m in.,"Yes, please.",Sounds perfect.,Great plan.
誕生日を祝う,A,5,プレゼントも用意したよ。,プレゼントあるよ。,プレゼント持ってきた！,プレゼントも用意しました。,プレゼントあるぜ。,"I have a gift, too.",Got you a present.,Gift inside my bag.,Present ready.,I brought a gift.,"I’ve got a little present, too.",Got you a gift as well.,Present’s ready for you.,I brought you something.,I have a surprise gift.
誕生日を祝う,B,6,わくわくする！,楽しみ！,ドキドキする！,楽しみです！,超楽しみ！,Can’t wait!,Excited!,Awesome!,Yay!,I’m happy!,You’re the best!,Excited to see it!,Can’t wait.,Looking forward to it.,Woo-hoo!
電車で席を譲る,A,1,どうぞ、お掛けください。,どうぞ座ってください。,どうぞお座りください。,よろしければお掛けください。,座ってどうぞ。,Please take this seat.,"Sit here, please.",You can have my seat.,Take this seat.,Please sit.,"Here, have my seat.",Feel free to sit here.,You can take my seat.,"Have a seat, please.",Let me give you my seat.
電車で席を譲る,B,2,ありがとうございます、助かります。,ありがとう、助かります。,感謝します、助かります。,ありがとうございます、助かります。,ありがたいです。,"Thank you, that helps.",Thanks a lot.,Thank you very much.,Appreciate it.,Thank you.,"Thanks, that’s very kind.","Thank you, I appreciate it.",Thank you so much.,"That’s very generous, thank you.","Thank you, that’s helpful."
電車で席を譲る,A,3,揺れるので気をつけて。,揺れるから気をつけてね。,揺れるから注意してね。,揺れますのでお気をつけください。,揺れるよ。,"The train shakes, be careful.",It may shake.,"Careful, train moves.",Train is bumpy.,Hold on tight.,It gets a bit shaky.,The train can jolt.,It’s a rough ride sometimes.,Train might sway.,Watch the bumps.
電車で席を譲る,B,4,はい、大丈夫です。,うん、大丈夫。,大丈夫です。,はい、大丈夫です。,平気！,"I will, thanks.",Okay.,I’m okay.,I’ll watch out.,Yes.,"I’ll hold on, thanks.",Got it.,I’ll be careful.,I’ll steady myself.,Will do.
電車で席を譲る,A,5,他に荷物お持ちしましょうか？,荷物持ちましょうか？,荷物手伝おうか？,他にお荷物お持ちしましょうか？,荷物持とうか？,Need help with bags?,Bags okay?,Want bag help?,Need anything?,Bags fine?,Need help with your bags?,Want me to hold anything?,Need a hand with your luggage?,Any help with bags?,Bag assistance?
電車で席を譲る,B,6,いえ、大丈夫ですよ。,大丈夫です。,大丈夫！,いえ、大丈夫です。,大丈夫～。,I’m fine.,Yes.,"No, thanks.",All good.,Fine.,"No, I’m good.","I’m okay, thanks.","I’m fine, really.","No need, thanks.",I’m alright.
PCトラブル相談,A,1,プリンタが動かないんだ。,プリンターが動かない。,プリンタ壊れた。,プリンタが動作しません。,プリンタ動かん。,My printer won’t work.,Printer not working.,Printer problem.,Can’t print.,Printer broken?,My printer’s acting up.,Printer refuses to work.,I can’t get the printer going.,Printer’s not cooperating.,Printing fails every time.
PCトラブル相談,B,2,ケーブルはちゃんと刺さってる？,ケーブル刺さってる？,ケーブル大丈夫？,ケーブルはきちんと接続されていますか？,ケーブルささってる？,Is the cable in?,Cable OK?,Plug connected?,Check cable?,Cable inserted?,Is the USB plugged in tight?,Cable seated properly?,Check the connection first?,Is the cord fully in?,Cable plugged?
PCトラブル相談,A,3,うん、でもエラーが出る。,うん、でもエラー出る。,刺さってるけどエラー。,はい、しかしエラーが表示されます。,刺さってるけどエラー出る。,"Yes, but it shows error.","Yes, still error.","Yes, error message.","Checked, but error.","Yup, yet error.","Yeah, but I’m getting an error.","It is, still errors.",Done—still error.,"Yes, but error pops up.","Yup, yet error."
PCトラブル相談,B,4,ドライバー更新してみようか。,ドライバ更新してみよ。,ドライバーアップデート試そう。,ドライバーを更新してみましょうか。,ドライバ更新やってみ？,Let’s update the driver.,Try driver update.,Update software.,Update driver.,Driver update maybe.,Maybe update the driver.,Let’s run a driver update.,Might need new drivers.,Try reinstalling the driver.,Driver update could fix it.
PCトラブル相談,A,5,やり方教えてくれる？,やり方教えて。,方法教えて？,手順を教えていただけますか？,やり方プリーズ。,Teach me how?,Help me?,Show me.,Need guidance.,Explain?,Can you walk me through it?,Show me how?,Help me out?,Guide me?,Walk me through?
PCトラブル相談,B,6,任せて！,任せて。,OK任せて！,私に任せてください！,まかせろ！,Sure!,Okay.,Will do.,I’ll help.,Sure.,Absolutely.,No problem.,Sure thing.,Got you.,Happy to.
勉強会の予定,A,1,期末テスト前に勉強会しよう。,テスト前、勉強会しよ！,期末前に勉強会しない？,期末テストの前に勉強会を開きましょう。,テスト前、勉強会やろう。,Let’s have a study group before finals.,Study together for the exam?,Want a study meeting?,Group study before test?,How about study group?,We should set up a study session before finals.,Want to do a group study for the exam?,Let’s organize a study group ahead of finals.,Thinking of a study meetup before the test.,Should we schedule a study group?
勉強会の予定,B,2,いいね、いつ集まる？,いいね、いつにする？,いいね、いつ集まる？,いいですね、いつ集まりますか？,いいね、いつ？,Good idea. When?,Yes. What day?,Sure. When gather?,Sounds good.,Okay! When?,Totally. When works?,Great idea. What time?,I’m in. When should we meet?,Sounds good—when?,Sure! When’s good?
勉強会の予定,A,3,金曜の放課後がいいかな。,金曜放課後どう？,金曜放課後どうかな？,金曜日の放課後が良いかと思います。,金曜放課後で。,Friday after school.,Friday PM.,After school Friday.,Friday after classes.,"Friday, after school.",Friday after school?,Friday right after class.,How about Friday afternoon?,Friday after school.,Friday once classes end.
勉強会の予定,B,4,私も空いてるよ。,私もOK。,私も大丈夫！,私も空いています。,私もいける。,I’m free.,Works.,Okay.,Fine with me.,I can.,I’m open then.,Perfect.,Works for me.,Count me in.,That suits me.
勉強会の予定,A,5,教室を予約しておくね。,教室取っとく。,教室確保しとく。,教室を予約しておきますね。,教室押さえとく。,I’ll book a room.,I’ll get a classroom.,I’ll reserve space.,I book the room.,Reserve classroom.,I’ll book a classroom.,I’ll snag us a room.,I’ll reserve a classroom.,I’ll lock down a room.,I’ll book the space.
勉強会の予定,B,6,助かる！,ありがと！,助かるよ！,助かります！,ありがたい！,Thanks!,Great.,Nice.,Thanks.,Appreciate it.,"Awesome, thanks.",Appreciate it.,Lifesaver.,Thanks a bunch.,"Great, see you then."
天気を確認,A,1,明日のピクニック、雨降るかな？,明日ピクニック雨？,明日雨降る？,明日のピクニック、雨が降るでしょうか？,明日雨かな？,Will it rain for tomorrow’s picnic?,Picnic tomorrow—rain?,Weather for picnic?,Think it’ll rain tomorrow?,Is rain coming for picnic?,You think it’ll rain during tomorrow’s picnic?,Any rain on the radar for our picnic?,Weather check for tomorrow?,Think we’ll get rained on tomorrow?,Any chance of rain during the picnic?
天気を確認,B,2,天気予報では曇りのち晴れだよ。,天気予報は曇り後晴れ。,予報は曇りのち晴れ。,天気予報によると曇りのち晴れです。,曇りのち晴れだよ。,Forecast says cloudy then sunny.,"Cloudy, later sunny.",Cloud then sun.,Forecast: cloudy to sunny.,"Says no, just clouds.",Forecast says cloudy turning sunny.,"Looks like clouds early, sun later.","Cloudy morning, sunny afternoon.",Forecast says mostly dry.,Pretty low—clouds then sun.
天気を確認,A,3,傘はいらなさそうだね。,傘いらなそう。,傘不要かな。,傘はいらなさそうですね。,傘いらんかな。,No umbrella needed?,Umbrella not necessary?,Skip umbrella?,Good.,Great.,Guess we can skip big umbrellas.,Umbrella optional then.,Nice—less gear to carry.,Sweet.,Good to know.
天気を確認,B,4,念のため折りたたみ持っていこう。,念のため折り畳み持とう。,折りたたみ傘持っとこう。,念のため折りたたみ傘を持って行きましょう。,折りたたみ持とうね。,Maybe take a small one.,Bring foldable just in case.,Take small one.,Small umbrella anyway.,Bring mini umbrella.,"I’ll toss a compact one in, just in case.",I’ll pack a travel one anyway.,Still bringing a small umbrella.,I’ll stash a tiny umbrella though.,I’ll keep a compact umbrella handy.
天気を確認,A,5,了解、準備しておく。,OK準備する。,わかった準備する。,了解しました、準備しておきます。,わかった準備しとく。,"Okay, I’ll pack it.",Got it.,Sure.,Okay.,Will do.,Good call.,Same here.,Smart.,I will too.,Same plan.
天気を確認,B,6,楽しみだね！,楽しみ！,待ち遠しい！,楽しみですね！,楽しみだ～！,Can’t wait!,Excited!,Looking forward.,Fun ahead!,Yay!,Can’t wait!,Gonna be fun.,Excited already.,Picnic time!,Looking forward to it.
服装を決める,A,1,今日の最高気温25度だって。,今日25度まで上がるって。,最高25度らしいよ。,今日は最高気温が25度だそうです。,今日25℃らしい。,High is 25°C today.,It will be 25 degrees.,Today’s top is 25.,Temperature reaches 25°C.,High temp 25 today.,It’s supposed to hit 25 degrees today.,High’s around 25°C today.,Forecast says twenty-five at the max.,We’re looking at 25 degrees later.,High temp’s 25 today.
服装を決める,B,2,じゃあ半袖でいいかな？,半袖でいい？,半袖でOK？,では半袖でも大丈夫でしょうか？,半袖でいいかな。,So short sleeves are okay?,Short sleeves?,I’ll wear T-shirt.,Short sleeve fine.,T-shirt OK?,So T-shirts are fine?,Short sleeves then?,I’ll just wear a tee.,T-shirt weather!,Shorts and a tee then?
服装を決める,A,3,朝は涼しいから薄手の上着持とう。,朝涼しいし薄い上着持とう。,朝寒いから軽い上着持って行こ。,朝は涼しいので薄手の上着を持ちましょう。,朝は涼しいし薄い上着持とうか。,Morning is cool; take a light jacket.,Bring thin coat for morning.,Take light jacket early.,"Morning cool, jacket needed.",Light jacket for morning.,"Yeah, but grab a light jacket for the cool morning.",Take a thin layer for the morning chill.,Bring a light jacket early on.,Morning’s brisk; take a jacket.,"Maybe, but layer with a light jacket in the morning."
服装を決める,B,4,なるほど。,了解。,わかった。,なるほど、承知しました。,OK。,Good idea.,Okay.,Sure.,Right.,Alright.,Good call.,Will do.,Got it.,Okay.,Sounds sensible.
服装を決める,A,5,帽子もあった方がいいかも。,帽子も必要かも。,帽子持っとく？,帽子もあった方が良いかもしれません。,帽子もいるかも。,"Maybe a hat, too.",Also a hat.,Hat could help.,"Hat, too.",Don’t forget hat.,"A hat might be smart, too.",Maybe bring a cap.,Hat wouldn’t hurt.,"Hat’s a good idea, too.",Don’t forget a hat.
服装を決める,B,6,忘れないようにする。,忘れないよ。,忘れないね。,忘れないようにします。,忘れない。,I won’t forget.,Got it.,Yes.,I won’t.,I won’t.,I’ll pack one.,Sure thing.,True.,I’ll remember.,I won’t.
コンビニでバーコード支払い,A,1,支払いはこのバーコードでできますか？,これ、バーコード決済使えますか？,このコードで支払えます？,このバーコードでお支払い可能ですか？,バーコード払い大丈夫？,Can I pay with this barcode?,Can I use barcode pay?,Can I pay using this code?,Is barcode payment OK?,Barcode payment fine?,Can I settle with this barcode?,Is it cool if I pay with this code?,Mind if I use barcode pay?,Okay to pay with this barcode?,Can I just scan this code to pay?
コンビニでバーコード支払い,B,2,はい、ご利用いただけます。,ええ、使えますよ。,はい、使えます。,ご利用可能です。,大丈夫ですよ。,"Yes, you can.","Sure, you can.","Yes, it works.",It’s possible.,That’s fine.,"Absolutely, that works.","Sure thing, no problem.","Yeah, that’s accepted.","All good, go ahead.",Works just fine.
コンビニでバーコード支払い,A,3,ポイントも付きますか？,ポイントたまります？,ポイント付きます？,ポイントは付きますか？,ポイント入る？,"Do I get points, too?",Will points add?,Do points count?,Will I earn points?,Points come?,Does it still earn points?,Will I rack up points?,Do I still get points with that?,Will it credit my points?,Points apply with this?
コンビニでバーコード支払い,B,4,はい、通常通り付きます。,もちろん、付きます。,ええ、付きますよ。,はい、通常ポイント付きます。,もちろんポイント入ります。,"Yes, same points.","Yes, of course.","Sure, points apply.","Yes, normal points.","Yes, points added.","Yep, you’ll get the usual points.","For sure, points count.","Absolutely, points still rack up.","Yep, standard points.",You’ll earn points as normal.
コンビニでバーコード支払い,A,5,じゃあお願いします。,ではお願いします。,お願いします。,それでお願いします。,お願いしますね。,Then please.,"Okay, please.",Please do.,"That’s fine, please.","Please, thanks.","Great, let’s do it.","Cool, go ahead.","Sure, ring it up.","Sounds good, thanks.","All right, let’s proceed."
コンビニでバーコード支払い,B,6,かしこまりました。,承知しました。,了解です。,では決済しますね。,はい、処理します。,Certainly.,Understood.,Okay.,I’ll process it.,Got it.,You got it.,Will do.,"All right, processing.","No problem, processing.","All set, scanning now."
公園でボールを借りる,A,1,ボール貸してもらえますか？,すみません、ボール借りてもいい？,そのボール貸して？,ボールをお借りできますか？,ボールちょっと貸してー。,Could I borrow your ball?,May I borrow the ball?,Can I use that ball?,Could I get the ball?,"Ball loan, please?",Mind if I borrow your ball?,"Hey, can I snag that ball for a bit?",Could I use your ball for a sec?,Any chance I could borrow the ball?,Think I could grab that ball for a minute?
公園でボールを借りる,B,2,いいよ、どうぞ。,もちろん、どうぞ。,いいですよ。,構いませんよ。どうぞ。,どうぞー。,"Sure, go ahead.","Yes, take it.",Of course.,"No problem, go ahead.",Here you are.,"Yeah, no worries.","Sure thing, have at it.","Absolutely, take it.",Go for it.,Knock yourself out.
公園でボールを借りる,A,3,10分後に返します。,すぐ返すね、10分だけ。,10分で返すよ。,10分ほどでお返しします。,10分後返す！,I’ll return it in ten minutes.,"Just ten minutes, OK?",I’ll give it back in 10.,"Back in ten, okay?",Return after ten?,I’ll have it back in ten.,"Just need it for ten, cool?",I’ll drop it back in ten.,Give me ten and I’ll return.,I’ll bring it back in ten.
公園でボールを借りる,B,4,了解、ゆっくりどうぞ。,わかった、どうぞ。,いいよ、ゆっくり。,承知しました、ごゆっくり。,OK、いいよ。,"Okay, take your time.","Sure, no rush.",That’s fine.,"All right, enjoy.","Okay, fine.","Cool, no hurry.","All good, take your time.","No rush, have fun.","Sounds good, enjoy.","No problem, take your time."
公園でボールを借りる,A,5,ありがとう、助かる！,ありがとう！助かった。,サンキュー助かる！,ありがとうございます、助かります。,感謝！,"Thanks, that helps!",Thank you!,Thanks a lot!,"Thanks, really!",Big thanks!,"Thanks, you’re a lifesaver!","You rock, thanks!",Really appreciate it!,Thanks a ton!,"You’re awesome, thanks!"
公園でボールを借りる,B,6,どういたしまして！,いえいえ！,気にしないで！,どうぞお気になさらず。,いいよ！,You’re welcome!,No problem!,Anytime!,Don’t mention it!,Sure!,No worries at all!,Happy to help!,"Anytime, buddy!",No sweat!,My pleasure!
スマホを落とした,A,1,スマホ落としたかも！電話鳴らしてくれる？,スマホ失くした！鳴らして！,スマホどこかに落とした、着信お願い！,スマートフォンを落としました。呼び出してもらえますか？,スマホなくした、鳴らして！,I think I dropped my phone. Can you call it?,"I lost my phone—ring it, please!",Dropped my phone; can you dial it?,I lost my smartphone; could you ring it?,Phone lost—call it?,I might’ve dropped my phone—mind calling it?,Pretty sure I lost my phone; can you ring it?,Think I dropped my phone—could you give it a buzz?,Lost my phone somewhere; ring it for me?,Can you call my phone? I’ve misplaced it.
スマホを落とした,B,2,いいよ、今かけるね。,わかった、すぐかける。,OK、かけるね。,承知しました、今すぐ発信します。,よし、かけるよ。,"Sure, calling now.","Okay, I’ll call.","Alright, dialing.",I’ll ring it now.,Calling it now.,"Yeah, I’ll buzz it right now.","On it, calling.",Let me ring it.,I’ll give it a ring.,Dialing as we speak.
スマホを落とした,A,3,あ、バッグの中にあった！,あった！カバンに入ってた！,見つけた、カバンの中！,ありました！バッグの中でした。,あったわ！,"Oh, it was in my bag!",Found it—in my bag!,"Got it, in my bag!",It was inside my bag!,Found in bag!,"Oh man, it was in my bag!","Ha, in my bag after all!",Found it—bag pocket!,Turns out it was in my bag.,Bag goblins had it—found!
スマホを落とした,B,4,見つかって良かった！,見つかってよかったね。,よかった！,見つかって何よりです。,見つかって安心。,Glad you found it!,Good you found it.,Great!,Glad it’s found.,Good relief.,"Whew, glad it turned up!","Awesome, crisis averted!",Thank goodness you found it!,"Sweet, all good now!",Nice save!
スマホを落とした,A,5,手間かけてごめんね。,迷惑かけてごめん。,ありがとう、ごめんね。,お手数かけました、すみません。,ありがとね、すまん。,Sorry for the trouble.,Sorry to bother you.,"My bad, thanks.",Sorry about that.,Thanks and sorry.,Sorry for the false alarm.,"Thanks, and sorry for that.",My bad for the scare.,Sorry for the hassle.,Appreciate it—sorry!
スマホを落とした,B,6,気にしないで！,大丈夫だよ！,いいよ気にしない！,お気になさらず！,平気！,Don’t worry!,It’s fine!,No worries!,No problem!,All good!,No biggie!,"All good, don’t sweat it!",No trouble at all!,You’re fine!,No sweat!
床屋を予約する,A,1,明日カット予約できますか？,明日髪切れます？,明日予約空いてますか？,明日カットの予約は取れますか？,明日切れる？,Can I book a haircut for tomorrow?,Is a cut available tomorrow?,Can I get a cut tomorrow?,Any slot for a haircut tomorrow?,Haircut tomorrow possible?,Could I grab a haircut spot tomorrow?,Any chance of a cut tomorrow?,Think I could book a cut for tomorrow?,Got room for a cut tomorrow?,Can you fit me in tomorrow for a cut?
床屋を予約する,B,2,午後2時なら空いてます。,14時なら大丈夫です。,2時なら空きますよ。,午後2時に空きがございます。,2時に空いています。,We have 2 p.m. open.,2 p.m. is free.,Two o’clock works.,Slot at 2 p.m.,2 p.m. available.,I’ve got a 2 p.m. open.,Two in the afternoon is free.,I can do 2 p.m.,There’s space at two.,Two o’clock is open.
床屋を予約する,A,3,では2時でお願いします。,じゃあ2時で。,2時お願いします。,それでは14時でお願いします。,2時でOK。,"Then 2 p.m., please.","Okay, 2 p.m.","2 p.m., please.",I’ll take 2 p.m.,Two is fine.,"Great, 2 p.m. works.","Sounds good, 2 p.m.",Book me for two.,"Two it is, thanks.",Let’s set it for two.
床屋を予約する,B,4,お名前伺ってもよろしいですか？,お名前をお願いします。,お名前どうぞ。,お客様のお名前を教えてください。,お名前は？,May I have your name?,"Your name, please?",Name?,Can I get your name?,"Name, please?",Could I have your name?,What’s the name for the booking?,Name for the appointment?,Who should I book it under?,Name on the reservation?
床屋を予約する,A,5,田中です。,田中と言います。,田中ですー。,田中でお願いします。,田中です。よろしく。,Tanaka.,My name is Tanaka.,"Tanaka, please.",It’s Tanaka.,Tanaka.,Tanaka.,Tanaka here.,Booking under Tanaka.,Just Tanaka.,Put it as Tanaka.
床屋を予約する,B,6,ご予約承りました。,予約完了です。,かしこまりました。,では予約入れました。,承知しました。,Your booking is set.,Appointment made.,Booked.,All set.,Reservation done.,You’re all booked for 2 p.m.,You’re on the schedule.,Got you in at two.,You’re confirmed for 2 p.m.,You’re set for 2 p.m.
カフェでWi-Fiを聞く,A,1,Wi-Fiのパスワード教えてもらえますか？,Wi-Fiのパス教えて？,Wi-Fiパスワードありますか？,Wi-Fiパスワードを教えていただけますか？,Wi-Fiのコード教えて。,Could I have the Wi-Fi password?,"Wi-Fi password, please?",Do you have a Wi-Fi pass?,Can you tell me the Wi-Fi password?,What’s the Wi-Fi code?,Could you share the Wi-Fi password?,Mind giving me the Wi-Fi pass?,What’s the Wi-Fi password here?,"Hey, got the Wi-Fi code?",Can I grab the Wi-Fi password?
カフェでWi-Fiを聞く,B,2,レシートに印刷されています。,レシートに書いてあります。,パスはレシートです。,パスワードはレシートにございます。,レシートにあるよ。,It’s printed on your receipt.,Check your receipt.,It’s on the receipt.,Password’s on the receipt.,See the receipt.,You’ll find it on your receipt.,It’s listed on the receipt.,Receipt has the password.,Just look at your receipt.,It’s on the slip.
カフェでWi-Fiを聞く,A,3,あ、確認してみます。,了解、見てみます。,OK、見てみる。,ありがとうございます、確認します。,わかりました、見るね。,"Oh, I’ll check.","Okay, I’ll look.","Got it, checking.","Thanks, I’ll check.","Will do, looking.","Alright, I’ll take a look.","Cool, I’ll check it.","Great, I’ll look now.","Sounds good, checking.","Sure thing, I’ll look."
カフェでWi-Fiを聞く,B,4,うまく繋がらなければ教えてください。,もし繋がらなければ言ってください。,繋がらなければ声かけてください。,接続できなければお知らせください。,ダメなら言ってね。,Let me know if it doesn’t work.,Tell me if it won’t connect.,"If it fails, tell me.",Please let us know if it fails.,Say if it doesn’t connect.,"If it’s glitchy, let me know.",Give me a shout if it won’t connect.,Just holler if it fails.,"If it acts up, tell me.",Flag me if it won’t work.
カフェでWi-Fiを聞く,A,5,ありがとうございます！,助かります！,サンキュー！,ありがとうございます。,感謝です！,Thank you!,Big thanks!,Thanks a lot!,Much appreciated!,Thanks!,Thanks so much!,Really appreciate it!,"Cheers, thanks!","You’re awesome, thanks!","Thanks, appreciate it!"
カフェでWi-Fiを聞く,B,6,どういたしまして。,いえいえ。,ごゆっくり！,どうぞごゆっくり。,どういたしましてー。,You’re welcome.,No problem.,Enjoy!,My pleasure.,Sure thing.,No worries.,Anytime.,Have a good one!,Glad to help.,Happy browsing!
集合時間を決める,A,1,何時に待ち合わせる？,何時集合にする？,何時に会う？,待ち合わせ時間どうする？,集合何時？,What time should we meet?,What time to gather?,When do we meet?,What time to meet?,Meet when?,What time do you want to meet up?,When should we link up?,What time works for the meet?,When do you wanna meet?,What time are we meeting?
集合時間を決める,B,2,11時はどう？,11時でいい？,11時集合でどう？,11時はいかがですか？,11時でOK？,How about eleven?,Eleven OK?,Meet at eleven?,Is eleven fine?,Eleven good?,Eleven sound good?,Eleven work?,Let’s do eleven?,Eleven alright?,Eleven o’clock okay?
集合時間を決める,A,3,いいね、その時間で。,OK、その時間で。,それで決まり！,いいですね、その時間で。,それでいこう！,Sounds good.,"Okay, that time.","Good, done.",Fine by me.,Let’s do it.,Works for me.,That works.,Perfect.,Sure thing.,Eleven it is.
集合時間を決める,B,4,場所は駅前でいい？,場所は駅前で？,駅前集合？,場所は駅前でよろしいですか？,駅前でOK？,Station front okay?,Meet in front of station?,Station front?,Is station front okay?,Station okay?,Station entrance good?,Front of the station alright?,Meet outside the station?,Station front work?,Station front sound good?
集合時間を決める,A,5,うん、わかりやすいね。,OK、わかりやすい。,いいね、そこにしよう。,はい、わかりやすいです。,了解、そこで！,"Yes, easy to find.","Okay, easy spot.","Good, let’s do that.","Yes, clear spot.","Got it, there!","Yeah, simple enough.","Perfect, easy to find.","Cool, that’s clear.","Yep, sounds easy.","Great, easy landmark."
集合時間を決める,B,6,じゃあ明日よろしく！,じゃあ明日ね！,明日よろしく！,では明日お願いします！,明日ね！,See you tomorrow then!,"Tomorrow, see you!",See you tomorrow!,"Alright, tomorrow!",See you then!,Catch you tomorrow!,See ya tomorrow!,Till tomorrow!,"See you tomorrow, cool!",Meet you tomorrow!
ゴミ出しを忘れた,A,1,ゴミ出し忘れた！,しまった、ゴミ出してない！,ゴミ捨て忘れたよ。,ゴミを出し忘れました！,ゴミ出してない！,I forgot to take out the trash!,Forgot the trash!,I didn’t take trash out!,Missed trash day!,Trash not out!,I totally forgot trash day!,I spaced on the trash!,"Ugh, missed putting trash out!",I skipped trash accidentally!,Trash day slipped my mind!
ゴミ出しを忘れた,B,2,まだ間に合うかも。急ごう！,まだ間に合う、急いで！,急げば間に合うかも！,まだ回収前かもしれません、急ぎましょう！,今ならセーフかも！,We might still make it—hurry!,"Still time, hurry!",Might still make it—let’s go!,"Maybe in time, hurry!",We can still make it!,We could still catch the truck—move!,There’s still a chance—let’s dash!,Maybe we can catch them—hurry up!,We might beat the truck—run!,Could still make pickup—let’s hurry!
ゴミ出しを忘れた,A,3,袋持ってくる！,袋取ってくる！,袋取ってくるわ！,今袋を持ってきます！,袋取ってくるね！,I’ll grab the bag!,Getting the bag!,I’ll get the bag!,I’ll fetch the bag!,"Bag, coming!",I’ll snag the bag!,I'll run and get the bag!,Let me grab the bag real quick!,I'll get that bag now!,Bag coming right up!
ゴミ出しを忘れた,B,4,玄関開けとくね。,ドア開けとく！,入口開けとく！,玄関を開けておきますね。,入口開けとくね！,I’ll hold the door.,Door’s open!,I’ll keep door open.,I’ll open the door.,Door’s ready!,I got the door!,Door’s already open!,Holding the door!,Door’s propped open!,Door’s wide open!
ゴミ出しを忘れた,A,5,よし、間に合った！,間に合ったっぽい！,セーフ！,なんとか間に合いました！,セーフだ！,Made it!,Looks like we made it!,Safe!,We made it in time!,Just in time!,"Phew, made it!",We beat the truck!,Saved it!,We’re in the clear!,Just caught it!
ゴミ出しを忘れた,B,6,次から気をつけようね。,次は忘れないように！,次は注意しよう！,次回は忘れないようにしましょう。,次回気をつけよ。,Let’s be careful next time.,Don’t forget next time.,Let’s remember next time.,We’ll watch it next time.,Be careful next time.,"Next time, set a reminder.",Let’s not miss it again.,We’ll nail it next time.,Let’s set an alarm next time.,Remember it next time.
宅配便を受け取る,A,1,荷物届いていますか？,宅配届いてます？,荷物来てる？,私は荷物を受け取っていますか？,荷物着いてる？,Has my package arrived?,Is my parcel here?,Did my delivery come?,Is my package in?,Package arrived?,Has my package shown up?,Package get here yet?,My parcel in?,Package show up?,Did my package land?
宅配便を受け取る,B,2,はい、この箱ですね。サインお願いします。,はい、こちらの箱です。サインを。,はい、これです。サインください。,はい、こちらの荷物です。ご署名をお願いします。,こちらです。サインを。,"Yes, this box. Please sign.","Yes, this one. Signature, please.",Here it is; sign here.,"Yes, your box—please sign.",This is it; sign please.,"Yep, this is yours—need a signature.","Here you go, sign here please.","Yup, your parcel—just sign.",This one’s yours—signature needed.,Package’s here—mind signing?
宅配便を受け取る,A,3,ここにサインでいいですか？,ここに書けばいい？,ここでOK？,こちらに署名でよろしいですか？,ここでいい？,Do I sign here?,Sign here?,Is here okay?,Do I write here?,Here okay?,Right here?,Just sign here?,Here’s fine?,This spot good?,Here works?
宅配便を受け取る,B,4,はい、ありがとうございます。,はい、助かります。,はい、OKです。,はい、ありがとうございます。,はい、どうも。,"Yes, thank you.","Yes, thanks.","That’s fine, thanks.","Yes, thanks a lot.","Great, thanks.","Perfect, thanks.","Awesome, thank you.","Great, appreciate it.","All set, thanks.","Thanks, that’s perfect."
宅配便を受け取る,A,5,中身確認してもいいですか？,開けてもいい？,中身見ても？,中身を確認しても構いませんか？,ちょっと開けるね。,Can I check inside?,May I open it?,Can I look inside?,Is it okay to open?,Open it now?,Mind if I crack it open?,Okay if I open it now?,Can I check the contents?,Mind if I peek?,Okay to open right away?
宅配便を受け取る,B,6,どうぞ、ご確認ください。,はい、確認どうぞ。,いいですよ。,はい、ご確認ください。,どうぞー。,"Sure, go ahead.","Yes, please do.",Feel free.,That’s fine.,Go ahead.,"Absolutely, go for it.",Be my guest.,"Sure thing, open it.","Of course, go ahead.","No problem, open away."
エレベーターで階を聞く,A,1,何階に行かれますか？,何階ですか？,どの階ですか？,何階へ行かれますか？,何階へ？,Which floor?,What floor?,Which floor are you going to?,What floor do you need?,Floor?,Which floor you heading to?,What floor would you like?,Where to?,Which level?,What floor ya need?
エレベーターで階を聞く,B,2,5階お願いします。,5階でお願いします。,5階です。,5階をお願いします。,5階へ。,"Fifth, please.","Floor five, please.","Five, please.","To five, please.","Five, thanks.","Fifth floor, thanks.",Could you hit five?,Five would be great.,"Five, if you don’t mind.",Mind pressing five?
エレベーターで階を聞く,A,3,押しました。,はい、押しました。,押したよ。,押しましたのでご安心を。,押したよー。,It’s pressed.,Button pressed.,Got it.,Pressed five.,Done.,"All set, five’s lit.",Got five for you.,Hit it.,Five is on.,Button’s lit.
エレベーターで階を聞く,B,4,ありがとうございます。,助かります。,どうもありがとう。,ありがとうございます、助かります。,感謝です。,Thank you.,Thanks a lot.,Much obliged.,Appreciate it.,Thanks.,"Thanks, appreciate it.","Cheers, thanks.",Thank you kindly.,Really appreciate it.,Thanks so much.
エレベーターで階を聞く,A,5,降りる際声かけますね。,着いたら知らせますね。,着いたら言いますね。,到着したらお声かけします。,着いたら言うね。,I’ll let you know when we arrive.,I’ll tell you when it’s five.,I’ll let you know at five.,I’ll notify you.,I’ll say when we get there.,I’ll give you a heads-up at five.,I’ll shout when we hit five.,I’ll call it out at five.,I’ll tell you when we reach five.,I’ll give you a heads up.
エレベーターで階を聞く,B,6,助かります！,ありがたい！,よろしく！,助かります、お願いします！,助かる！,That helps!,Thanks!,Appreciate it!,"Great, thanks!","Awesome, thanks!","Big help, thanks!","You’re a star, thanks!",Much appreciated!,Thank you so much!,"That’s awesome, thanks!"
写真プリント注文,A,1,この写真をL判で10枚お願いします。,Lサイズで10枚プリントお願いします。,この写真10枚Lで。,こちらの写真をL判で10枚お願いします。,L判10枚で。,Could I get ten L-size prints of this photo?,"Ten L prints, please.","Print this photo ten times, L size?",I’d like ten L-size prints.,"Ten L-size copies, please.",Can I have ten L-prints of this?,Could you do ten L-size prints?,I need ten L-size copies of this shot.,Mind printing ten L-size ones?,"Ten L-size, please."
写真プリント注文,B,2,光沢とマット、どちらにしますか？,光沢とマット、どちら？,仕上げは光沢？マット？,光沢仕上げとマット仕上げ、どちらがよろしいですか？,光沢？マット？,Glossy or matte?,Glossy or matte finish?,"Which finish, glossy or matte?",Glossy or matte?,Glossy or matte?,Glossy or matte for the finish?,What finish—glossy or matte?,Do you want glossy or matte?,Glossy or matte coating?,Glossy or matte stock?
写真プリント注文,A,3,光沢でお願いします。,光沢で。,光沢にしてください。,光沢仕上げでお願いします。,光沢で。よろしく。,"Glossy, please.",Glossy.,Make it glossy.,"Glossy finish, please.",Glossy is fine.,"Glossy, thanks.",Glossy works.,"Glossy, thanks.",Glossy’s good.,"Glossy, please."
写真プリント注文,B,4,30分ほどで出来上がります。,30分で仕上がります。,30分くらいでできます。,仕上がりは30分ほどです。,30分でできますよ。,It’ll be ready in about 30 minutes.,Ready in 30 minutes.,About 30 minutes.,It’ll take around 30 minutes.,Ready in half an hour.,Should be ready in thirty.,Give us about half an hour.,Be done in thirty.,Thirty minutes and it’s done.,Half an hour turnaround.
写真プリント注文,A,5,では買い物して戻ります。,じゃあ買い物してくるね。,買い物して戻ります。,では買い物してから戻ってきます。,買い物してくる。,I’ll shop and come back.,I’ll do some shopping then.,I’ll return after shopping.,I’ll shop and be back.,I’ll be back after shopping.,I’ll browse the store and come back.,I’ll swing back after a bit of shopping.,I’ll pop back after shopping.,I’ll come back after a quick shop.,I’ll be back once I shop.
写真プリント注文,B,6,お待ちしています。,お待ちしております。,お帰りをお待ちしています。,お待ちしておりますので。,お待ちしてます！,We’ll be waiting.,We’ll wait for you.,See you then.,We’ll have it ready.,We’ll wait.,We’ll have them ready for you.,See you in a bit.,We’ll be here.,We’ll be ready when you return.,See you soon.